<?xml version='1.0' encoding='windows-1252' ?>
<!DOCTYPE ViewObject SYSTEM "jbo_03_01.dtd">

<ViewObject
   Name="EmpSocietiesCreateVO"
   SelectList="EmpSocietiesEO.ATTRIBUTE1, 
       EmpSocietiesEO.ATTRIBUTE10, 
       EmpSocietiesEO.ATTRIBUTE11, 
       EmpSocietiesEO.ATTRIBUTE12, 
       EmpSocietiesEO.ATTRIBUTE13, 
       EmpSocietiesEO.ATTRIBUTE14, 
       EmpSocietiesEO.ATTRIBUTE15, 
       EmpSocietiesEO.ATTRIBUTE16, 
       EmpSocietiesEO.ATTRIBUTE17, 
       EmpSocietiesEO.ATTRIBUTE18, 
       EmpSocietiesEO.ATTRIBUTE19, 
       EmpSocietiesEO.ATTRIBUTE2, 
       EmpSocietiesEO.ATTRIBUTE20, 
       EmpSocietiesEO.ATTRIBUTE3, 
       EmpSocietiesEO.ATTRIBUTE4, 
       EmpSocietiesEO.ATTRIBUTE5, 
       EmpSocietiesEO.ATTRIBUTE6, 
       EmpSocietiesEO.ATTRIBUTE7, 
       EmpSocietiesEO.ATTRIBUTE8, 
       EmpSocietiesEO.ATTRIBUTE9, 
       EmpSocietiesEO.ATTRIBUTE_CATEGORY, 
       EmpSocietiesEO.CODE, 
       EmpSocietiesEO.CREATED_BY, 
       EmpSocietiesEO.CREATION_DATE, 
       EmpSocietiesEO.DATE_END, 
       EmpSocietiesEO.DATE_START, 
       EmpSocietiesEO.LAST_UPDATED_BY, 
       EmpSocietiesEO.LAST_UPDATE_DATE, 
       EmpSocietiesEO.LAST_UPDATE_LOGIN, 
       EmpSocietiesEO.PERSON_ID, 
       EmpSocietiesEO.ROWID, 
       EmpSocietiesEO.SOCIETY_ID, 
       EmpSocietiesEO.SUBS_AMOUNT, 
       EmpSocietiesEO.SUBS_HOLD, 
       EmpSocietiesEO.SUBS_PERIOD, 
       EmpSocietiesEO.SUBS_TOTAL"
   FromList="XXHR.XXHR_PER_SOCIETIES EmpSocietiesEO"
   BindingStyle="OracleName"
   CustomQuery="false"
   RowClass="ch4.oracle.apps.xxhr.emp.server.EmpSocietiesCreateVORowImpl"
   ComponentClass="oracle.apps.fnd.framework.server.OAViewObjectImpl"
   UseGlueCode="false" >
   <DesignTime>
      <Attr Name="_isCodegen" Value="true" />
      <Attr Name="_version" Value="10.1.3.41.57" />
      <Attr Name="_codeGenFlag2" Value="Access|VarAccess" />
   </DesignTime>
   <EntityUsage
      Name="EmpSocietiesEO"
      Entity="ch4.oracle.apps.xxhr.emp.schema.server.EmpSocietiesEO" >
      <DesignTime>
         <Attr Name="_queryClause" Value="false" />
      </DesignTime>
   </EntityUsage>
   <ViewAttribute
      Name="Attribute1"
      EntityAttrName="Attribute1"
      EntityUsage="EmpSocietiesEO"
      AliasName="ATTRIBUTE1" >
   </ViewAttribute>
   <ViewAttribute
      Name="Attribute10"
      EntityAttrName="Attribute10"
      EntityUsage="EmpSocietiesEO"
      AliasName="ATTRIBUTE10" >
   </ViewAttribute>
   <ViewAttribute
      Name="Attribute11"
      EntityAttrName="Attribute11"
      EntityUsage="EmpSocietiesEO"
      AliasName="ATTRIBUTE11" >
   </ViewAttribute>
   <ViewAttribute
      Name="Attribute12"
      EntityAttrName="Attribute12"
      EntityUsage="EmpSocietiesEO"
      AliasName="ATTRIBUTE12" >
   </ViewAttribute>
   <ViewAttribute
      Name="Attribute13"
      EntityAttrName="Attribute13"
      EntityUsage="EmpSocietiesEO"
      AliasName="ATTRIBUTE13" >
   </ViewAttribute>
   <ViewAttribute
      Name="Attribute14"
      EntityAttrName="Attribute14"
      EntityUsage="EmpSocietiesEO"
      AliasName="ATTRIBUTE14" >
   </ViewAttribute>
   <ViewAttribute
      Name="Attribute15"
      EntityAttrName="Attribute15"
      EntityUsage="EmpSocietiesEO"
      AliasName="ATTRIBUTE15" >
   </ViewAttribute>
   <ViewAttribute
      Name="Attribute16"
      EntityAttrName="Attribute16"
      EntityUsage="EmpSocietiesEO"
      AliasName="ATTRIBUTE16" >
   </ViewAttribute>
   <ViewAttribute
      Name="Attribute17"
      EntityAttrName="Attribute17"
      EntityUsage="EmpSocietiesEO"
      AliasName="ATTRIBUTE17" >
   </ViewAttribute>
   <ViewAttribute
      Name="Attribute18"
      EntityAttrName="Attribute18"
      EntityUsage="EmpSocietiesEO"
      AliasName="ATTRIBUTE18" >
   </ViewAttribute>
   <ViewAttribute
      Name="Attribute19"
      EntityAttrName="Attribute19"
      EntityUsage="EmpSocietiesEO"
      AliasName="ATTRIBUTE19" >
   </ViewAttribute>
   <ViewAttribute
      Name="Attribute2"
      EntityAttrName="Attribute2"
      EntityUsage="EmpSocietiesEO"
      AliasName="ATTRIBUTE2" >
   </ViewAttribute>
   <ViewAttribute
      Name="Attribute20"
      EntityAttrName="Attribute20"
      EntityUsage="EmpSocietiesEO"
      AliasName="ATTRIBUTE20" >
   </ViewAttribute>
   <ViewAttribute
      Name="Attribute3"
      EntityAttrName="Attribute3"
      EntityUsage="EmpSocietiesEO"
      AliasName="ATTRIBUTE3" >
   </ViewAttribute>
   <ViewAttribute
      Name="Attribute4"
      EntityAttrName="Attribute4"
      EntityUsage="EmpSocietiesEO"
      AliasName="ATTRIBUTE4" >
   </ViewAttribute>
   <ViewAttribute
      Name="Attribute5"
      EntityAttrName="Attribute5"
      EntityUsage="EmpSocietiesEO"
      AliasName="ATTRIBUTE5" >
   </ViewAttribute>
   <ViewAttribute
      Name="Attribute6"
      EntityAttrName="Attribute6"
      EntityUsage="EmpSocietiesEO"
      AliasName="ATTRIBUTE6" >
   </ViewAttribute>
   <ViewAttribute
      Name="Attribute7"
      EntityAttrName="Attribute7"
      EntityUsage="EmpSocietiesEO"
      AliasName="ATTRIBUTE7" >
   </ViewAttribute>
   <ViewAttribute
      Name="Attribute8"
      EntityAttrName="Attribute8"
      EntityUsage="EmpSocietiesEO"
      AliasName="ATTRIBUTE8" >
   </ViewAttribute>
   <ViewAttribute
      Name="Attribute9"
      EntityAttrName="Attribute9"
      EntityUsage="EmpSocietiesEO"
      AliasName="ATTRIBUTE9" >
   </ViewAttribute>
   <ViewAttribute
      Name="AttributeCategory"
      EntityAttrName="AttributeCategory"
      EntityUsage="EmpSocietiesEO"
      AliasName="ATTRIBUTE_CATEGORY" >
   </ViewAttribute>
   <ViewAttribute
      Name="Code"
      IsNotNull="true"
      EntityAttrName="Code"
      EntityUsage="EmpSocietiesEO"
      AliasName="CODE" >
   </ViewAttribute>
   <ViewAttribute
      Name="CreatedBy"
      EntityAttrName="CreatedBy"
      EntityUsage="EmpSocietiesEO"
      AliasName="CREATED_BY" >
   </ViewAttribute>
   <ViewAttribute
      Name="CreationDate"
      EntityAttrName="CreationDate"
      EntityUsage="EmpSocietiesEO"
      AliasName="CREATION_DATE" >
   </ViewAttribute>
   <ViewAttribute
      Name="DateEnd"
      EntityAttrName="DateEnd"
      EntityUsage="EmpSocietiesEO"
      AliasName="DATE_END" >
   </ViewAttribute>
   <ViewAttribute
      Name="DateStart"
      EntityAttrName="DateStart"
      EntityUsage="EmpSocietiesEO"
      AliasName="DATE_START" >
   </ViewAttribute>
   <ViewAttribute
      Name="LastUpdatedBy"
      EntityAttrName="LastUpdatedBy"
      EntityUsage="EmpSocietiesEO"
      AliasName="LAST_UPDATED_BY" >
   </ViewAttribute>
   <ViewAttribute
      Name="LastUpdateDate"
      EntityAttrName="LastUpdateDate"
      EntityUsage="EmpSocietiesEO"
      AliasName="LAST_UPDATE_DATE" >
   </ViewAttribute>
   <ViewAttribute
      Name="LastUpdateLogin"
      EntityAttrName="LastUpdateLogin"
      EntityUsage="EmpSocietiesEO"
      AliasName="LAST_UPDATE_LOGIN" >
   </ViewAttribute>
   <ViewAttribute
      Name="PersonId"
      EntityAttrName="PersonId"
      EntityUsage="EmpSocietiesEO"
      AliasName="PERSON_ID" >
   </ViewAttribute>
   <ViewAttribute
      Name="RowID"
      IsUpdateable="false"
      EntityAttrName="RowID"
      EntityUsage="EmpSocietiesEO"
      AliasName="ROWID" >
   </ViewAttribute>
   <ViewAttribute
      Name="SocietyId"
      IsNotNull="true"
      EntityAttrName="SocietyId"
      EntityUsage="EmpSocietiesEO"
      AliasName="SOCIETY_ID" >
   </ViewAttribute>
   <ViewAttribute
      Name="SubsAmount"
      EntityAttrName="SubsAmount"
      EntityUsage="EmpSocietiesEO"
      AliasName="SUBS_AMOUNT" >
   </ViewAttribute>
   <ViewAttribute
      Name="SubsHold"
      EntityAttrName="SubsHold"
      EntityUsage="EmpSocietiesEO"
      AliasName="SUBS_HOLD" >
   </ViewAttribute>
   <ViewAttribute
      Name="SubsPeriod"
      EntityAttrName="SubsPeriod"
      EntityUsage="EmpSocietiesEO"
      AliasName="SUBS_PERIOD" >
   </ViewAttribute>
   <ViewAttribute
      Name="SubsTotal"
      EntityAttrName="SubsTotal"
      EntityUsage="EmpSocietiesEO"
      AliasName="SUBS_TOTAL" >
   </ViewAttribute>
</ViewObject>
