<?xml version='1.0' encoding='windows-1252' ?>
<!DOCTYPE AppModule SYSTEM "jbo_03_01.dtd">

<AppModule
   Name="EmpSearchAM"
   ComponentClass="ch4.oracle.apps.xxhr.emp.server.EmpSearchAMImpl" >
   <DesignTime>
      <Attr Name="_isCodegen" Value="true" />
      <Attr Name="_version" Value="10.1.3.41.57" />
      <Attr Name="_deployType" Value="0" />
   </DesignTime>
   <ViewUsage
      Name="EmpSearchVO1"
      ViewObjectName="ch4.oracle.apps.xxhr.emp.server.EmpSearchVO" >
   </ViewUsage>
   <ViewUsage
      Name="EmpSocietiesVO1"
      ViewObjectName="ch4.oracle.apps.xxhr.emp.server.EmpSocietiesVO" >
   </ViewUsage>
   <ViewLinkUsage
      Name="EmpSocietiesVL1"
      ViewLinkObjectName="ch4.oracle.apps.xxhr.emp.server.EmpSocietiesVL"
      SrcViewUsageName="ch4.oracle.apps.xxhr.emp.server.EmpSearchAM.EmpSearchVO1"
      DstViewUsageName="ch4.oracle.apps.xxhr.emp.server.EmpSearchAM.EmpSocietiesVO1" >
      <DesignTime>
         <Attr Name="_isCodegen" Value="true" />
         <Attr Name="_version" Value="10.1.3.41.57" />
      </DesignTime>
   </ViewLinkUsage>
</AppModule>
