<?xml version='1.0' encoding='windows-1252' ?>
<!DOCTYPE ViewLink SYSTEM "jbo_03_01.dtd">

<ViewLink
   Name="EmpSocietiesVL" >
   <DesignTime>
      <Attr Name="_isCodegen" Value="true" />
      <Attr Name="_version" Value="10.1.3.41.57" />
   </DesignTime>
   <ViewLinkDefEnd
      Name="EmpSearchVO"
      Cardinality="1"
      Owner="ch4.oracle.apps.xxhr.emp.server.EmpSearchVO"
      Source="true" >
      <AttrArray Name="Attributes">
         <Item Value="ch4.oracle.apps.xxhr.emp.server.EmpSearchVO.PersonId" />
      </AttrArray>
      <DesignTime>
         <Attr Name="_finderName" Value="EmpSearchVO" />
         <Attr Name="_isUpdateable" Value="true" />
      </DesignTime>
   </ViewLinkDefEnd>
   <ViewLinkDefEnd
      Name="EmpSocietiesVO"
      Cardinality="-1"
      Owner="ch4.oracle.apps.xxhr.emp.server.EmpSocietiesVO" >
      <AttrArray Name="Attributes">
         <Item Value="ch4.oracle.apps.xxhr.emp.server.EmpSocietiesVO.PersonId" />
      </AttrArray>
      <DesignTime>
         <Attr Name="_finderName" Value="EmpSocietiesVO" />
         <Attr Name="_isUpdateable" Value="true" />
      </DesignTime>
   </ViewLinkDefEnd>
</ViewLink>
