<?xml version='1.0' encoding='windows-1252' ?>
<!DOCTYPE JboPackage SYSTEM "jbo_03_01.dtd">

<JboPackage
   Name="server"
   SeparateXMLFiles="true"
   PackageName="ch4.oracle.apps.xxhr.emp.server" >
   <DesignTime>
      <Attr Name="_ejbPackage" Value="false" />
      <Attr Name="_version" Value="10.1.3.41.57" />
   </DesignTime>
   <Containee
      Name="EmpSearchAM"
      FullName="ch4.oracle.apps.xxhr.emp.server.EmpSearchAM"
      ObjectType="AppModule" >
   </Containee>
   <Containee
      Name="EmpSearchVO"
      FullName="ch4.oracle.apps.xxhr.emp.server.EmpSearchVO"
      ObjectType="ViewObject" >
   </Containee>
   <Containee
      Name="EmpSocietiesAM"
      FullName="ch4.oracle.apps.xxhr.emp.server.EmpSocietiesAM"
      ObjectType="AppModule" >
   </Containee>
   <Containee
      Name="EmpSocietiesCreateVO"
      FullName="ch4.oracle.apps.xxhr.emp.server.EmpSocietiesCreateVO"
      ObjectType="ViewObject" >
   </Containee>
   <Containee
      Name="EmpSocietiesVL"
      FullName="ch4.oracle.apps.xxhr.emp.server.EmpSocietiesVL"
      ObjectType="ViewLink" >
   </Containee>
   <Containee
      Name="EmpSocietiesVO"
      FullName="ch4.oracle.apps.xxhr.emp.server.EmpSocietiesVO"
      ObjectType="ViewObject" >
   </Containee>
</JboPackage>
